[
  {
    "id": "6285842687690@s.whatsapp.net",
    "nama": "ryuu7",
    "umur": 19,
    "kodeReg": "ZMPB4G93",
    "daftar_pada": "8/11/2025, 02.30.53",
    "verified": true
  },
  {
    "id": "6288980064364@s.whatsapp.net",
    "nama": "lapet",
    "umur": 60,
    "kodeReg": "XS3OJ0XK",
    "daftar_pada": "9/11/2025, 07.53.23",
    "verified": true
  },
  {
    "id": "6288292193615@s.whatsapp.net",
    "nama": "michan",
    "umur": 15,
    "kodeReg": "1Q2FWROB",
    "daftar_pada": "9/11/2025, 11.39.56",
    "verified": true
  },
  {
    "id": "6287818106940@s.whatsapp.net",
    "nama": "gerion imut",
    "umur": 15,
    "kodeReg": "IF94HPRM",
    "daftar_pada": "9/11/2025, 14.09.00",
    "verified": true
  },
  {
    "id": "6285715917920@s.whatsapp.net",
    "nama": "yoe",
    "umur": 60,
    "kodeReg": "H5WHWAK9",
    "daftar_pada": "9/11/2025, 16.13.03",
    "verified": true
  },
  {
    "id": "62895608099990@s.whatsapp.net",
    "nama": "rin",
    "umur": 23,
    "kodeReg": "Q9C2C7TP",
    "daftar_pada": "10/11/2025, 01.20.56",
    "verified": true
  },
  {
    "id": "6285933452952@s.whatsapp.net",
    "nama": "gg",
    "umur": 20,
    "kodeReg": "132SZXGH",
    "daftar_pada": "10/11/2025, 03.09.34",
    "verified": true
  },
  {
    "id": "62895410057557@s.whatsapp.net",
    "nama": "Alya",
    "umur": 19,
    "kodeReg": "X79L7UII",
    "daftar_pada": "11/11/2025, 01.04.07",
    "verified": true
  },
  {
    "id": "6285715127780@s.whatsapp.net",
    "nama": "Izumi",
    "umur": 20,
    "kodeReg": "4DCX82OM",
    "daftar_pada": "11/11/2025, 16.03.38",
    "verified": true
  },
  {
    "id": "6282289870441@s.whatsapp.net",
    "nama": "ataa",
    "umur": 17,
    "kodeReg": "0Y16XOGJ",
    "daftar_pada": "11/11/2025, 17.05.08",
    "verified": true
  },
  {
    "id": "6281315608554@s.whatsapp.net",
    "nama": "keju",
    "umur": 15,
    "kodeReg": "6PGYXTTP",
    "daftar_pada": "11/11/2025, 17.10.26",
    "verified": true
  },
  {
    "id": "6283844827682@s.whatsapp.net",
    "nama": "MasJan",
    "umur": 18,
    "kodeReg": "3XC89YPH",
    "daftar_pada": "11/11/2025, 17.18.06",
    "verified": true
  },
  {
    "id": "6287755109373@s.whatsapp.net",
    "nama": "Lonte🗿",
    "umur": 60,
    "kodeReg": "MKTGUVJU",
    "daftar_pada": "11/11/2025, 17.25.20",
    "verified": true
  },
  {
    "id": "77474571337@s.whatsapp.net",
    "nama": "march",
    "umur": 16,
    "kodeReg": "8NXLUAQW",
    "daftar_pada": "11/11/2025, 17.34.18",
    "verified": true
  },
  {
    "id": "9779705043430@s.whatsapp.net",
    "nama": "Dhani",
    "umur": 15,
    "kodeReg": "HGQU6H0J",
    "daftar_pada": "11/11/2025, 18.06.16",
    "verified": true
  },
  {
    "id": "6289684455344@s.whatsapp.net",
    "nama": "daftar aziel",
    "umur": 16,
    "kodeReg": "7LWBAHCC",
    "daftar_pada": "11/11/2025, 18.37.48"
  },
  {
    "id": "6282156636638@s.whatsapp.net",
    "nama": "Anya",
    "umur": 16,
    "kodeReg": "5JQWUZEY",
    "daftar_pada": "11/11/2025, 18.39.31",
    "verified": true
  },
  {
    "id": "6287739220526@s.whatsapp.net",
    "nama": "dianz",
    "umur": 22,
    "kodeReg": "DJA3SY61",
    "daftar_pada": "11/11/2025, 18.47.13",
    "verified": true
  },
  {
    "id": "6281396829213@s.whatsapp.net",
    "nama": "canz",
    "umur": 18,
    "kodeReg": "Q4F1OXZ4",
    "daftar_pada": "11/11/2025, 18.54.37",
    "verified": true
  },
  {
    "id": "6282184628771@s.whatsapp.net",
    "nama": "ajan",
    "umur": 17,
    "kodeReg": "RZTNMND9",
    "daftar_pada": "11/11/2025, 18.58.17",
    "verified": true
  },
  {
    "id": "6285178700987@s.whatsapp.net",
    "nama": "Raisa caa",
    "umur": 27,
    "kodeReg": "QZGTWJJO",
    "daftar_pada": "11/11/2025, 19.06.22",
    "verified": true
  },
  {
    "id": "6289527088537@s.whatsapp.net",
    "nama": "vano",
    "umur": 16,
    "kodeReg": "A0T511VS",
    "daftar_pada": "12/11/2025, 10.08.11",
    "verified": true
  },
  {
    "id": "6285811767279@s.whatsapp.net",
    "nama": "Alya",
    "umur": 19,
    "kodeReg": "MSKVZYHQ",
    "daftar_pada": "12/11/2025, 12.42.30",
    "verified": true
  },
  {
    "id": "584165946712@s.whatsapp.net",
    "nama": "Tio",
    "umur": 15,
    "kodeReg": "4REY5YCQ",
    "daftar_pada": "12/11/2025, 13.09.59",
    "verified": true
  },
  {
    "id": "6285122006472@s.whatsapp.net",
    "nama": "Alya",
    "umur": 50,
    "kodeReg": "8N6LRK2X",
    "daftar_pada": "12/11/2025, 13.19.00"
  },
  {
    "id": "628889927687@s.whatsapp.net",
    "nama": "pakcik",
    "umur": 19,
    "kodeReg": "THIZ5B1H",
    "daftar_pada": "12/11/2025, 16.15.55",
    "verified": true
  },
  {
    "id": "6285189935271@s.whatsapp.net",
    "nama": "Izumi",
    "umur": 60,
    "kodeReg": "6V6W4M4Q",
    "daftar_pada": "12/11/2025, 16.37.44",
    "verified": true
  },
  {
    "id": "6281235143987@s.whatsapp.net",
    "nama": "Izumi",
    "umur": 20,
    "kodeReg": "692FYP19",
    "daftar_pada": "12/11/2025, 16.42.14",
    "verified": true
  },
  {
    "id": "6287853371001@s.whatsapp.net",
    "nama": "El",
    "umur": 20,
    "kodeReg": "R4GBD7PG",
    "daftar_pada": "12/11/2025, 16.46.36",
    "verified": true
  },
  {
    "id": "6285397657918@s.whatsapp.net",
    "nama": "mizael",
    "umur": 22,
    "kodeReg": "JCO5NKO4",
    "daftar_pada": "12/11/2025, 21.49.47",
    "verified": true
  },
  {
    "id": "13474349322@s.whatsapp.net",
    "nama": "User35",
    "umur": 32,
    "kodeReg": "SNPDTJJV0I",
    "daftar_pada": "13/11/2025, 13.32.23"
  },
  {
    "id": "6283166570663@s.whatsapp.net",
    "nama": "Ryuusuke",
    "umur": 25,
    "kodeReg": "SNM9A2LCYP",
    "daftar_pada": "14/11/2025, 09.01.27"
  }
]